{
    "name": "root",
    "gauges": {
        "RollerBall.Policy.Entropy.mean": {
            "value": 1.2381187677383423,
            "min": 1.23382568359375,
            "max": 1.423901081085205,
            "count": 50
        },
        "RollerBall.Policy.Entropy.sum": {
            "value": 12370.044921875,
            "min": 12300.94921875,
            "max": 14264.640625,
            "count": 50
        },
        "RollerBall.Environment.EpisodeLength.mean": {
            "value": 54.552486187845304,
            "min": 36.47565543071161,
            "max": 59.174698795180724,
            "count": 50
        },
        "RollerBall.Environment.EpisodeLength.sum": {
            "value": 9874.0,
            "min": 9685.0,
            "max": 9889.0,
            "count": 50
        },
        "RollerBall.Step.mean": {
            "value": 499981.0,
            "min": 9963.0,
            "max": 499981.0,
            "count": 50
        },
        "RollerBall.Step.sum": {
            "value": 499981.0,
            "min": 9963.0,
            "max": 499981.0,
            "count": 50
        },
        "RollerBall.Policy.ExtrinsicValueEstimate.mean": {
            "value": 0.12214155495166779,
            "min": 0.07588515430688858,
            "max": 0.1346130669116974,
            "count": 50
        },
        "RollerBall.Policy.ExtrinsicValueEstimate.sum": {
            "value": 29.680397033691406,
            "min": 18.51597785949707,
            "max": 35.99681854248047,
            "count": 50
        },
        "RollerBall.Environment.CumulativeReward.mean": {
            "value": 0.17777777777777778,
            "min": 0.1534090909090909,
            "max": 0.26576576576576577,
            "count": 50
        },
        "RollerBall.Environment.CumulativeReward.sum": {
            "value": 32.0,
            "min": 27.0,
            "max": 59.0,
            "count": 50
        },
        "RollerBall.Policy.ExtrinsicReward.mean": {
            "value": 0.17777777777777778,
            "min": 0.1534090909090909,
            "max": 0.26576576576576577,
            "count": 50
        },
        "RollerBall.Policy.ExtrinsicReward.sum": {
            "value": 32.0,
            "min": 27.0,
            "max": 59.0,
            "count": 50
        },
        "RollerBall.Losses.PolicyLoss.mean": {
            "value": 0.2404937551264089,
            "min": 0.2354722910587085,
            "max": 0.2483647353240863,
            "count": 50
        },
        "RollerBall.Losses.PolicyLoss.sum": {
            "value": 18.999006654986303,
            "min": 18.47672006104733,
            "max": 20.242489317913847,
            "count": 50
        },
        "RollerBall.Losses.ValueLoss.mean": {
            "value": 0.035871358027932045,
            "min": 0.03489275470249006,
            "max": 0.06429296730590894,
            "count": 50
        },
        "RollerBall.Losses.ValueLoss.sum": {
            "value": 2.8338372842066315,
            "min": 2.7216348667942243,
            "max": 5.272023319084534,
            "count": 50
        },
        "RollerBall.Policy.LearningRate.mean": {
            "value": 2.996833178303797e-06,
            "min": 2.996833178303797e-06,
            "max": 0.00029696652253014677,
            "count": 50
        },
        "RollerBall.Policy.LearningRate.sum": {
            "value": 0.00023674982108599997,
            "min": 0.00023674982108599997,
            "max": 0.023565488044837397,
            "count": 50
        },
        "RollerBall.Policy.Epsilon.mean": {
            "value": 0.10099891139240506,
            "min": 0.10099891139240506,
            "max": 0.1989888405063291,
            "count": 50
        },
        "RollerBall.Policy.Epsilon.sum": {
            "value": 7.9789140000000005,
            "min": 7.9789140000000005,
            "max": 15.955162600000003,
            "count": 50
        },
        "RollerBall.Policy.Beta.mean": {
            "value": 0.0005000000000000001,
            "min": 0.0005000000000000001,
            "max": 0.0005000000000000001,
            "count": 50
        },
        "RollerBall.Policy.Beta.sum": {
            "value": 0.03950000000000001,
            "min": 0.03900000000000001,
            "max": 0.04150000000000001,
            "count": 50
        },
        "RollerBall.IsTraining.mean": {
            "value": 1.0,
            "min": 1.0,
            "max": 1.0,
            "count": 50
        },
        "RollerBall.IsTraining.sum": {
            "value": 1.0,
            "min": 1.0,
            "max": 1.0,
            "count": 50
        }
    },
    "metadata": {
        "timer_format_version": "0.1.0",
        "start_time_seconds": "1734641201",
        "python_version": "3.7.16 (default, Jan 17 2023, 16:06:28) [MSC v.1916 64 bit (AMD64)]",
        "command_line_arguments": "C:\\Users\\Lexis\\anaconda3\\envs\\cursoml1\\Scripts\\mlagents-learn ./rollerball_config.yaml --run-id Lab-7-Roller-Ball --force",
        "mlagents_version": "0.29.0",
        "mlagents_envs_version": "0.29.0",
        "communication_protocol_version": "1.5.0",
        "pytorch_version": "1.13.1+cpu",
        "numpy_version": "1.21.2",
        "end_time_seconds": "1734645296"
    },
    "total": 4095.6509161,
    "count": 1,
    "self": 0.018386099999588623,
    "children": {
        "run_training.setup": {
            "total": 0.13088159999999993,
            "count": 1,
            "self": 0.13088159999999993
        },
        "TrainerController.start_learning": {
            "total": 4095.5016484000002,
            "count": 1,
            "self": 12.368200899990825,
            "children": {
                "TrainerController._reset_env": {
                    "total": 23.072699900000003,
                    "count": 1,
                    "self": 23.072699900000003
                },
                "TrainerController.advance": {
                    "total": 4059.992395100009,
                    "count": 508139,
                    "self": 11.333225300240429,
                    "children": {
                        "env_step": {
                            "total": 3177.1138924998454,
                            "count": 508139,
                            "self": 2759.193289900019,
                            "children": {
                                "SubprocessEnvManager._take_step": {
                                    "total": 410.634472999869,
                                    "count": 508139,
                                    "self": 32.544795599963436,
                                    "children": {
                                        "TorchPolicy.evaluate": {
                                            "total": 378.08967739990555,
                                            "count": 500014,
                                            "self": 86.27641009973456,
                                            "children": {
                                                "TorchPolicy.sample_actions": {
                                                    "total": 291.813267300171,
                                                    "count": 500014,
                                                    "self": 291.813267300171
                                                }
                                            }
                                        }
                                    }
                                },
                                "workers": {
                                    "total": 7.286129599957615,
                                    "count": 508139,
                                    "self": 0.0,
                                    "children": {
                                        "worker_root": {
                                            "total": 4056.1945944998047,
                                            "count": 508139,
                                            "is_parallel": true,