{"count":1,"self":623.781376,"total":2196.2147611,"children":{"InitializeActuators":{"count":1,"self":0.0009643,"total":0.0009643,"children":null},"InitializeSensors":{"count":1,"self":0.0010098,"total":0.0010098,"children":null},"AgentSendState":{"count":1194084,"self":4.5963864,"total":126.8808045,"children":{"CollectObservations":{"count":238817,"self":0.2771811,"total":0.2771811,"children":null},"WriteActionMask":{"count":238817,"self":0.27039409999999997,"total":0.27039409999999997,"children":null},"RequestDecision":{"count":238817,"self":2.0158351999999997,"total":121.73684279999999,"children":{"AgentInfo.ToProto":{"count":238817,"self":2.9509027999999997,"total":119.7210076,"children":{"GenerateSensorData":{"count":238817,"self":116.77009919999999,"total":116.77010489999999,"children":null}}}}}}},"DecideAction":{"count":1194084,"self":1435.602432,"total":1435.6024028,"children":null},"AgentAct":{"count":1194084,"self":7.2121792,"total":9.9482045,"children":{"AgentInfo.ToProto":{"count":5118,"self":0.053547399999999995,"total":2.7360254,"children":{"GenerateSensorData":{"count":5118,"self":2.6824779999999997,"total":2.6824779999999997,"children":null}}}}}},"gauges":{"RollerBall.CumulativeReward":{"count":5118,"max":2,"min":0,"runningAverage":0.276670158,"value":0,"weightedAverage":0.156809211}},"metadata":{"timer_format_version":"0.1.0","start_time_seconds":"1734614718","unity_version":"2022.3.33f1","command_line_arguments":"C:\\Program Files\\Unity\\Hub\\Editor\\2022.3.33f1\\Editor\\Unity.exe -projectpath C:\\Users\\Lexis\\Documents\\GitHub\\Lab-7-Roller-Ball -useHub -hubIPC -cloudEnvironment production","communication_protocol_version":"1.5.0","com.unity.ml-agents_version":"3.0.0-exp.1","scene_name":"Lab7","end_time_seconds":"1734616914"}}